{"cameraMode":{"drawMode":0,"name":"Shaded","section":"Shading Mode"},"sceneLighting":true,"audioPlay":false,"sceneViewState":{"m_AlwaysRefresh":false,"showFog":true,"showSkybox":true,"showFlares":true,"showImageEffects":true,"showParticleSystems":true,"showVisualEffectGraphs":true,"m_FxEnabled":true},"in2DMode":false,"pivot":{"x":2.1591734886169435,"y":1.807944655418396,"z":0.04261969029903412},"rotation":{"x":-0.00951334461569786,"y":0.6779159903526306,"z":-0.008710725232958794,"w":-0.7351585030555725},"size":1.8350547552108765,"orthographic":true}